Actual_Citations_2022,Predicted_Citations_2022
406,496.68208956811867
679,769.9167033502665
406,428.53701871943906
399,304.9953690826974
488,459.2554183274967
233,222.26512747063094
737,581.3105078684289
424,491.8876584976016
310,324.6466077553266
473,490.86785906272405
61,57.431471212059364
102,59.8288676376809
237,217.22471012547646
232,273.53602622840975
605,538.3097253134837
50,74.42646669573901
58,69.64599968055916
184,177.72827178262264
663,592.7574408901496
760,656.802911716932
